# every row of gaps14.tsv, one class each, in the order the classes are meant to be read
# row	class
DefaultDateProgressLabel.Body#Body	witness
Text#accessibilityTextContentType	top-level
Transaction#dismissBehavior	top-level
EnvironmentValues#openWindow	top-level
EnvironmentValues#newDocument	top-level
EnvironmentValues#openDocument	top-level
TextEditor.Body#Body	witness
AttributedString#init	declaration-form
Slider.Body#Body	witness
ProgressView.Body#Body	witness
LabeledContent.Body#Body	witness
EnvironmentValues#isSceneCaptured	top-level
LinearProgressViewStyle.Body#Body	witness
CircularProgressViewStyle.Body#Body	witness
Toggle.Body#Body	witness
TextField.Body#Body	witness
Menu.Body#Body	witness
EnvironmentValues#openImmersiveSpace	top-level
PrimitiveButtonStyleConfiguration#_makeView	machinery
PrimitiveButtonStyleConfiguration#_makeViewList	machinery
PrimitiveButtonStyleConfiguration#_viewListCount	machinery
PrimitiveButtonStyleConfiguration.Body#Body	witness
TextEditorStyle#automatic	top-level
AnimationTimelineSchedule.Entries#Entries	nested
AnimationTimelineSchedule.Entries#next	nested
AnimationTimelineSchedule.Entries.Element#Element	witness
AnimationTimelineSchedule.Entries.Iterator#Iterator	witness
EnvironmentValues#pushWindow	top-level
TextFieldStyle#_body	machinery
TextFieldStyle._Label#_Label	machinery
EnvironmentValues#dismissImmersiveSpace	top-level
TextEditorStyle#roundedBorder	top-level
Commands#_makeCommands	machinery
Commands#_resolve	machinery
Picker.Body#Body	witness
AsyncImage.Body#Body	witness
Image#transferRepresentation	top-level
Image.Representation#Representation	nested
Animation#systemOverlayAppearance	top-level
Animation#systemOverlayDisappearance	top-level
Animation#systemOverlayDelayedDisappearance	top-level
Animation#systemOverlayDisappearanceDelay	top-level
ControlGroup.Body#Body	witness
AttributedString#transform	top-level
AttributedString#subscript	declaration-form
AttributedString#transformAttributes	top-level
AttributedString#replaceSelection	top-level
SecureField.Body#Body	witness
Text.LineStyle#init	declaration-form
TextEditorStyle#plain	top-level
EnvironmentValues#openSettings	top-level
EnvironmentValues#defaultWheelPickerItemHeight	top-level
ShareLink.Body#Body	witness
EnvironmentValues#immersiveSpaceDisplacement	top-level
GraphicalDatePickerStyle.Body#Body	witness
GraphicalDatePickerStyle._Body#_Body	machinery
GaugeStyle#init	declaration-form
Gauge.Body#Body	witness
DatePicker.Components#Components	nested
DatePicker.Components#body	nested
DatePicker.Body#Body	witness
CompactDatePickerStyle.Body#Body	witness
CompactDatePickerStyle._Body#_Body	machinery
TextSelection.Indices#Indices	witness
TextSelection.Indices#selection	nested
TextSelection.Indices#multiSelection	nested
TextSelection.Indices#hash	witness
TextSelection.Indices#hashValue	witness
TextSelection#hash	witness
TextSelection#hashValue	witness
Stepper.Body#Body	witness
Transaction#_scrollViewAnimates	machinery
TextFieldStyle#squareBorder	top-level
PrimitiveButtonStyle#init	declaration-form
Button.Body#Body	witness
EnvironmentValues#dismissWindow	top-level
EnvironmentValues#rename	top-level
Label.Body#Body	witness
ColorPicker.Body#Body	witness
Image.ResizingMode#ResizingMode	nested
Image.ResizingMode#tile	nested
Image.ResizingMode#stretch	nested
Image.ResizingMode#hash	witness
Image.ResizingMode#hashValue	witness
AnyTransition#modifier	top-level
KeyframeTrack.Body#Body	witness
Namespace#id	top-level
Namespace#_makeProperty	machinery
Namespace.ID#ID	nested
Namespace.ID#id	nested
Namespace.ID#hash	witness
Namespace.ID#hashValue	witness
KeyframeAnimator#_makeView	machinery
KeyframeAnimator.Body#Body	witness
Axis#otherAxis	top-level
Axis#perpendicularEdges	top-level
Axis.Set#Set	nested
Axis.Set.Element#Element	witness
Axis.Set#init	declaration-form
Axis.Set.ArrayLiteralElement#ArrayLiteralElement	witness
Axis.Set.RawValue#RawValue	witness
Axis.AllCases#AllCases	nested
Axis.RawValue#RawValue	witness
Image.Orientation#Orientation	nested
Image.Orientation#up	nested
Image.Orientation#upMirrored	nested
Image.Orientation#down	nested
Image.Orientation#downMirrored	nested
Image.Orientation#left	nested
Image.Orientation#leftMirrored	nested
Image.Orientation#right	nested
Image.Orientation#rightMirrored	nested
Image.Orientation#init	declaration-form
Image.Orientation.AllCases#AllCases	nested
Image.Orientation.RawValue#RawValue	witness
Image.Orientation#allCases	nested
Image.Orientation#rawValue	witness
UnitCurve#hash	witness
UnitCurve#hashValue	witness
Spring#hash	witness
Spring#hashValue	witness
EnvironmentValues#fontResolutionContext	top-level
Anchor.Source#Source	nested
Anchor.Source#box	nested
Anchor#hashValue	witness
EnvironmentObject#_propertyBehaviors	machinery
Text#_makeView	machinery
Text#_makeViewList	machinery
Text#_viewListCount	machinery
Text.Body#Body	witness
Text.LineStyle#LineStyle	nested
Text.LineStyle.Pattern#Pattern	nested
Text.LineStyle#hash	witness
Text.LineStyle#hashValue	witness
Transaction#plist	top-level
Transaction#subscript	declaration-form
Transaction#isEmpty	witness
Image.Interpolation#Interpolation	nested
Image.Interpolation#none	nested
Image.Interpolation#low	nested
Image.Interpolation#medium	nested
Image.Interpolation#high	nested
Image.Interpolation#hash	witness
Image.Interpolation#hashValue	witness
DynamicProperty#_makeProperty	machinery
DynamicProperty#_propertyBehaviors	machinery
Image#symbolRenderingMode	top-level
Image#symbolVariableValueMode	top-level
Image#symbolColorRenderingMode	top-level
Text.DateStyle#DateStyle	nested
Text.DateStyle#encode	nested
Text.DateStyle#init	declaration-form
ObservedObject#_makeProperty	machinery
ObservedObject#_propertyBehaviors	machinery
Text.TruncationMode#TruncationMode	nested
Text.TruncationMode#head	nested
Text.TruncationMode#tail	nested
Text.TruncationMode#middle	nested
Text.TruncationMode#hash	witness
Text.TruncationMode#hashValue	witness
Text.Case#Case	nested
Text.Case#uppercase	nested
Text.Case#lowercase	nested
Text.Case#hash	witness
Text.Case#hashValue	witness
EnvironmentValues#_lineHeightMultiple	machinery
Transaction#scrollTargetAnchor	top-level
Transaction#scrollPositionUpdatePreservesVelocity	top-level
Transaction#scrollContentOffsetAdjustmentBehavior	top-level
EnvironmentValues#lineHeight	top-level
PreferenceKey#_delay	machinery
Environment#keyPath	top-level
Environment#value	top-level
Environment#content	top-level
Environment#let	top-level
Environment#error	top-level
Environment#_makeProperty	machinery
Binding#location	top-level
Binding#_value	machinery
Binding.ID#ID	nested
Binding.Element#Element	witness
Binding.Iterator#Iterator	witness
Binding.SubSequence#SubSequence	witness
Binding.Index#Index	witness
Binding.Indices#Indices	witness
Binding#_makeProperty	machinery
Text.WritingDirectionStrategy#WritingDirectionStrategy	nested
Text.WritingDirectionStrategy#hash	witness
Text.WritingDirectionStrategy#hashValue	witness
Bindable.ID#ID	nested
TextRenderer#TextRenderer	top-level
TextRenderer#draw	top-level
TextRenderer#sizeThatFits	top-level
TextRenderer#displayPadding	top-level
Text#customAttribute	top-level
Text.Layout#Layout	nested
Text.Layout#isTruncated	nested
Text.Layout#startIndex	witness
Text.Layout#endIndex	witness
Text.Layout#subscript	declaration-form
Text.Layout.CharacterIndex#CharacterIndex	nested
Text.Layout.CharacterIndex#value	nested
Text.Layout.CharacterIndex#init	declaration-form
Text.Layout.CharacterIndex#advanced	nested
Text.Layout.CharacterIndex#distance	nested
Text.Layout.CharacterIndex.Stride#Stride	nested
Text.Layout.CharacterIndex#hash	witness
Text.Layout.CharacterIndex#hashValue	witness
Text.Layout.TypographicBounds#TypographicBounds	nested
Text.Layout.TypographicBounds#origin	nested
Text.Layout.TypographicBounds#width	nested
Text.Layout.TypographicBounds#ascent	nested
Text.Layout.TypographicBounds#descent	nested
Text.Layout.TypographicBounds#leading	nested
Text.Layout.TypographicBounds#init	declaration-form
Text.Layout.TypographicBounds#rect	nested
Text.Layout.Line#Line	nested
Text.Layout.Line#origin	nested
Text.Layout.Line#startIndex	witness
Text.Layout.Line#endIndex	witness
Text.Layout.Line#subscript	declaration-form
Text.Layout.Line#typographicBounds	nested
Text.Layout.Line.Element#Element	witness
Text.Layout.Line.Index#Index	witness
Text.Layout.Line.Indices#Indices	witness
Text.Layout.Line.Iterator#Iterator	witness
Text.Layout.Line.SubSequence#SubSequence	witness
Text.Layout.Run#Run	nested
Text.Layout.Run#startIndex	witness
Text.Layout.Run#endIndex	witness
Text.Layout.Run#subscript	declaration-form
Text.Layout.Run#layoutDirection	nested
Text.Layout.Run#typographicBounds	nested
Text.Layout.Run#characterIndices	nested
Text.Layout.Run.Element#Element	witness
Text.Layout.Run.Index#Index	witness
Text.Layout.Run.Indices#Indices	witness
Text.Layout.Run.Iterator#Iterator	witness
Text.Layout.Run.SubSequence#SubSequence	witness
Text.Layout.RunSlice#RunSlice	nested
Text.Layout.RunSlice#run	nested
Text.Layout.RunSlice#indices	witness
Text.Layout.RunSlice#init	declaration-form
Text.Layout.RunSlice#startIndex	witness
Text.Layout.RunSlice#endIndex	witness
Text.Layout.RunSlice#subscript	declaration-form
Text.Layout.RunSlice#typographicBounds	nested
Text.Layout.RunSlice#characterIndices	nested
Text.Layout.RunSlice.Element#Element	witness
Text.Layout.RunSlice.Index#Index	witness
Text.Layout.RunSlice.Indices#Indices	witness
Text.Layout.RunSlice.Iterator#Iterator	witness
Text.Layout.RunSlice.SubSequence#SubSequence	witness
Text.Layout.Element#Element	witness
Text.Layout.Index#Index	witness
Text.Layout.Indices#Indices	witness
Text.Layout.Iterator#Iterator	witness
Text.Layout.SubSequence#SubSequence	witness
Text.LayoutKey#LayoutKey	nested
Text.LayoutKey.AnchoredLayout#AnchoredLayout	nested
Text.LayoutKey.AnchoredLayout#origin	nested
Text.LayoutKey.AnchoredLayout#layout	nested
Text.LayoutKey.Value#Value	nested
Text.LayoutKey#defaultValue	nested
Text.LayoutKey#reduce	nested
Text.Layout.DrawingOptions#DrawingOptions	nested
Text.Layout.DrawingOptions#init	declaration-form
Text.Layout.DrawingOptions#disablesSubpixelQuantization	nested
Text.Layout.DrawingOptions.ArrayLiteralElement#ArrayLiteralElement	witness
Text.Layout.DrawingOptions.Element#Element	witness
Text.Layout.DrawingOptions.RawValue#RawValue	witness
Text#foregroundStyle	top-level
Text#fontWidth	top-level
Text#fontDesign	top-level
Text#_stylisticAlternative	machinery
Text.Scale#Scale	nested
Text.Scale#hash	witness
Text.Scale#hashValue	witness
Text#textScale	top-level
AnimatablePair#subscript	declaration-form
CubicKeyframe.Body#Body	witness
SpringKeyframe.Body#Body	witness
LinearKeyframe.Body#Body	witness
MoveKeyframe.Body#Body	witness
PhaseAnimator.Body#Body	witness
StateObject#_propertyBehaviors	machinery
Animatable#_makeAnimatable	machinery
Animatable#subscript	declaration-form
Image.DynamicRange#DynamicRange	nested
Image.DynamicRange#hash	witness
Image.DynamicRange#hashValue	witness
Image#allowedDynamicRange	top-level
EnvironmentValues#allowedDynamicRange	top-level
SymbolVariants#hash	witness
SymbolVariants#hashValue	witness
State#_value	machinery
State#_location	machinery
State#_makeProperty	machinery
AnyTransition#init	declaration-form
Text.AlignmentStrategy#AlignmentStrategy	nested
Text.AlignmentStrategy#hash	witness
Text.AlignmentStrategy#hashValue	witness
Image.TemplateRenderingMode#TemplateRenderingMode	nested
Image.TemplateRenderingMode#template	nested
Image.TemplateRenderingMode#original	nested
Image.TemplateRenderingMode#hash	witness
Image.TemplateRenderingMode#hashValue	witness
Image.Scale#Scale	nested
Image.Scale#small	nested
Image.Scale#medium	nested
Image.Scale#large	nested
Image.Scale#hash	witness
Image.Scale#hashValue	witness
EnvironmentValues#realHorizontalSizeClass	top-level
EnvironmentValues#realVerticalSizeClass	top-level
PreferenceKey#_includesRemovedValues	machinery
PreferenceKey#_isReadableByHost	machinery
Text.Storage#Storage	nested
Text.Storage#verbatim	nested
Text.Storage#anyTextStorage	nested
Text.Modifier#Modifier	nested
Text.Modifier#color	nested
Text.Modifier#font	nested
Text.Modifier#italic	nested
Text.Modifier#weight	nested
Text.Modifier#kerning	nested
Text.Modifier#tracking	nested
Text.Modifier#baseline	nested
Text.Modifier#rounded	nested
Text.Modifier#anyTextModifier	nested
Text#modifiers	top-level
Text#_resolveText	machinery
Text#_localizationInfo	machinery
Image#provider	top-level
Image#_makeView	machinery
Image#_makeViewList	machinery
Image#_viewListCount	machinery
Image.Body#Body	witness
Animation#box	top-level
Animation#hash	witness
Animation#hashValue	witness
